srcUID,trgUID,srcName,trgName
hKxdzxZ4WFX,wryMP8p8k1C, , 
iZQRc4CWmIr,VCLAcayLVyx, , 
vav3peUGYbC,PR3HRX1IEBj, , 
eX8kVT3oRoc,bXn9Kmxnd3r, , 
WND2T40z1d1,Q1xDDDusLwl, , 
xtky4S0uHGJ,dKzr3MsO9kG, , 
G3hmodqXksf,wGj6xfXBaxs, , 
TdxvdtbHsGa,KUuKOtxzBJ1, , 
uYw7H8L6Zme,iuh5hm4RVBR, , 
hjLcTJkb2v0,Sc5efRwnOA9, , 
SDaGmAx4Tna,PIeQekpD664, , 
z5jMXJUjwE3,qYJ3YYLADtz, , 
olyDHtjqsVu,miZ7nLeBp1w, , 
hHsJACKkI5f,RAQCr5DpCzC, , 
QYI4OsZ0MXt,lTiuuQij9HP, , 
PHZVCOOFSxM,qrSwfzR61l0, , 
hQlQCMJVGm5,flD9dHHw3Wl, , 
aFfdM1c5sRa,st1ejfpSRo7, , 
eF3kvrEC92b,vd4GxqtKkRC, , 
VEwTo9pxktu,GPYSN5lacmj, , 
OAaX0TBYliv,joqqWUXl47C, , 
VT7WZlgGtx0,sjd8VtIZxmz, , 
PJIL3Utok2F,bHSkKIwVBay, , 
CmQc4v3pzdU,K2Ky3gBe2sB, , 
QRzHPqj6T8j,xfkxDz03AFK, , 
P0G458GzYBz,ezlLC4UCA2g, , 
K5SVUv3lStz,ClUDerxOIWR, , 
q25AwL80kYJ,hi5J0vMBrbE, , 
pVGPPQO2l5a,AAwOFcp7xdd, , 
ZZ22mApkgIo,qNsd9cPWNVo, , 
bBHXT6w6ALO,Y0hLSnQE8IV, , 
jTtMVb8GAIH,rl1SLaRmaZ4, , 
ZQ7MjGLGBRi,n1iUA7kb0wj, , 
XIMXNswD8Ah,lo0rfBSWDbf, , 
fajwNPsupHJ,qqqAULiKFu2, , 
D4ChC06lIXi,MbAkHOTlcyp, , 
cQEzLU5zHVR,X4gFcPKQ8Cw, , 
j33w6nNEKnL,Hrsq0RqGFKO, , 
kR3X4SZFhLR,qAM23M0qOId, , 
Bc74DE5XBEp,FMM88mSULsl, , 
vttjnYc5gmZ,ddGAKVfTvlQ, , 
RKRtOnjvzsZ,P666FBECG0N, , 
clKgNLbcRAp,WTdHe8OEt1q, , 
V6hrsxzaRWa,unXcJLrNYNe, , 
SDTCkYf3yty,FTWXeWdPdVH, , 
DZeudzA82MM,juTM5EM0Jo0, , 
Gazfp4C0d0g,jxvt8LFSx8e, , 
ffNQctZ9uxd,I11IpNMGxaR, , 
